Countries,Indicators,,2015,2016,2017,2018,2019,2020,2021,2022
Algeria,Current Health Expenditure (CHE),in current PPP per capita,841,770,759,767,711,706,672,
Algeria,Domestic General Government Health Expenditure (GGHE-D),in current PPP per capita,592,520,507,513,447,431,397,
Algeria,Domestic Private Health Expenditure (PVT-D),in current PPP per capita,249,249,252,253,264,275,271,
Algeria,External Health Expenditure (EXT),in current PPP per capita,0,0,0,0,0,0,4,
Angola,Current Health Expenditure (CHE),in current PPP per capita,190,191,201,182,173,200,199,
Angola,Domestic General Government Health Expenditure (GGHE-D),in current PPP per capita,90,84,93,78,79,106,115,
Angola,Domestic Private Health Expenditure (PVT-D),in current PPP per capita,95,100,102,98,88,83,74,
Angola,External Health Expenditure (EXT),in current PPP per capita,5,7,6,6,7,11,10,
Benin,Current Health Expenditure (CHE),in current PPP per capita,76,81,78,90,83,83,97,
Benin,Domestic General Government Health Expenditure (GGHE-D),in current PPP per capita,16,14,13,14,10,9,12,
Benin,Domestic Private Health Expenditure (PVT-D),in current PPP per capita,45,45,45,47,48,49,54,
Benin,External Health Expenditure (EXT),in current PPP per capita,15,22,20,29,24,25,31,
Botswana,Current Health Expenditure (CHE),in current PPP per capita,819,881,972,925,965,875,"1,096",
Botswana,Domestic General Government Health Expenditure (GGHE-D),in current PPP per capita,555,586,735,635,689,642,838,
Botswana,Domestic Private Health Expenditure (PVT-D),in current PPP per capita,206,245,143,212,183,183,199,
Botswana,External Health Expenditure (EXT),in current PPP per capita,58,50,93,79,92,50,59,
Burkina Faso,Current Health Expenditure (CHE),in current PPP per capita,85,109,120,105,117,144,153,
Burkina Faso,Domestic General Government Health Expenditure (GGHE-D),in current PPP per capita,24,44,52,45,49,62,65,
Burkina Faso,Domestic Private Health Expenditure (PVT-D),in current PPP per capita,40,40,46,44,50,55,60,
Burkina Faso,External Health Expenditure (EXT),in current PPP per capita,21,26,22,16,18,26,28,
Burundi,Current Health Expenditure (CHE),in current PPP per capita,50,54,52,55,69,80,70,
Burundi,Domestic General Government Health Expenditure (GGHE-D),in current PPP per capita,19,17,15,16,17,16,17,
Burundi,Domestic Private Health Expenditure (PVT-D),in current PPP per capita,17,16,16,16,16,19,20,
Burundi,External Health Expenditure (EXT),in current PPP per capita,14,21,21,24,35,46,33,
Cabo Verde,Current Health Expenditure (CHE),in current PPP per capita,275,291,333,347,356,408,506,
Cabo Verde,Domestic General Government Health Expenditure (GGHE-D),in current PPP per capita,181,185,207,215,226,267,345,
Cabo Verde,Domestic Private Health Expenditure (PVT-D),in current PPP per capita,82,91,99,100,106,93,103,
Cabo Verde,External Health Expenditure (EXT),in current PPP per capita,11,15,27,33,24,48,58,
Cameroon,Current Health Expenditure (CHE),in current PPP per capita,124,128,125,138,143,146,156,
Cameroon,Domestic General Government Health Expenditure (GGHE-D),in current PPP per capita,13,13,5,13,16,23,20,
Cameroon,Domestic Private Health Expenditure (PVT-D),in current PPP per capita,99,102,108,105,108,105,109,
Cameroon,External Health Expenditure (EXT),in current PPP per capita,12,13,12,20,19,18,26,
Central African Republic,Current Health Expenditure (CHE),in current PPP per capita,37,43,56,99,71,82,86,
Central African Republic,Domestic General Government Health Expenditure (GGHE-D),in current PPP per capita,3,5,6,6,8,11,12,
Central African Republic,Domestic Private Health Expenditure (PVT-D),in current PPP per capita,18,24,32,42,44,42,43,
Central African Republic,External Health Expenditure (EXT),in current PPP per capita,15,14,18,51,20,30,31,
Chad,Current Health Expenditure (CHE),in current PPP per capita,82,79,74,72,73,87,81,
Chad,Domestic General Government Health Expenditure (GGHE-D),in current PPP per capita,17,14,11,10,11,15,14,
Chad,Domestic Private Health Expenditure (PVT-D),in current PPP per capita,51,48,48,48,48,54,49,
Chad,External Health Expenditure (EXT),in current PPP per capita,14,18,15,14,14,18,18,
Comoros,Current Health Expenditure (CHE),in current PPP per capita,133,142,171,164,177,198,223,
Comoros,Domestic General Government Health Expenditure (GGHE-D),in current PPP per capita,13,18,22,26,28,44,33,
Comoros,Domestic Private Health Expenditure (PVT-D),in current PPP per capita,105,107,115,117,117,131,133,
Comoros,External Health Expenditure (EXT),in current PPP per capita,14,18,34,22,31,24,57,
Congo,Current Health Expenditure (CHE),in current PPP per capita,109,102,103,74,99,157,125,
Congo,Domestic General Government Health Expenditure (GGHE-D),in current PPP per capita,50,44,39,26,43,68,61,
Congo,Domestic Private Health Expenditure (PVT-D),in current PPP per capita,39,53,56,44,49,72,55,
Congo,External Health Expenditure (EXT),in current PPP per capita,21,5,7,4,7,17,8,
Côte d'Ivoire,Current Health Expenditure (CHE),in current PPP per capita,147,156,157,158,176,200,188,
Côte d'Ivoire,Domestic General Government Health Expenditure (GGHE-D),in current PPP per capita,37,40,45,46,53,74,62,
Côte d'Ivoire,Domestic Private Health Expenditure (PVT-D),in current PPP per capita,91,93,91,93,100,99,97,
Côte d'Ivoire,External Health Expenditure (EXT),in current PPP per capita,19,23,20,19,23,27,29,
Democratic Republic of the Congo,Current Health Expenditure (CHE),in current PPP per capita,35,41,43,35,38,45,46,
Democratic Republic of the Congo,Domestic General Government Health Expenditure (GGHE-D),in current PPP per capita,6,5,4,5,6,7,8,
Democratic Republic of the Congo,Domestic Private Health Expenditure (PVT-D),in current PPP per capita,15,18,20,17,17,21,21,
Democratic Republic of the Congo,External Health Expenditure (EXT),in current PPP per capita,14,18,18,12,15,17,17,
Equatorial Guinea,Current Health Expenditure (CHE),in current PPP per capita,488,508,539,519,536,622,547,
Equatorial Guinea,Domestic General Government Health Expenditure (GGHE-D),in current PPP per capita,116,123,116,114,109,135,109,
Equatorial Guinea,Domestic Private Health Expenditure (PVT-D),in current PPP per capita,365,378,411,392,422,479,436,
Equatorial Guinea,External Health Expenditure (EXT),in current PPP per capita,8,7,12,13,5,9,2,
Eritrea,Current Health Expenditure (CHE),in current PPP per capita,71,62,62,73,84,76,80,
Eritrea,Domestic General Government Health Expenditure (GGHE-D),in current PPP per capita,12,13,16,11,14,15,17,
Eritrea,Domestic Private Health Expenditure (PVT-D),in current PPP per capita,30,36,28,36,38,35,39,
Eritrea,External Health Expenditure (EXT),in current PPP per capita,29,14,18,26,32,25,23,
Eswatini,Current Health Expenditure (CHE),in current PPP per capita,606,579,573,566,634,577,685,
Eswatini,Domestic General Government Health Expenditure (GGHE-D),in current PPP per capita,253,242,291,246,339,309,363,
Eswatini,Domestic Private Health Expenditure (PVT-D),in current PPP per capita,155,148,146,137,138,140,156,
Eswatini,External Health Expenditure (EXT),in current PPP per capita,198,189,136,183,156,128,165,
Ethiopia,Current Health Expenditure (CHE),in current PPP per capita,62,67,69,70,74,83,82,
Ethiopia,Domestic General Government Health Expenditure (GGHE-D),in current PPP per capita,16,17,17,16,17,23,25,
Ethiopia,Domestic Private Health Expenditure (PVT-D),in current PPP per capita,35,36,27,28,32,31,34,
Ethiopia,External Health Expenditure (EXT),in current PPP per capita,11,13,24,25,25,28,23,
Gabon,Current Health Expenditure (CHE),in current PPP per capita,375,427,403,401,418,501,411,
Gabon,Domestic General Government Health Expenditure (GGHE-D),in current PPP per capita,221,276,255,235,252,279,242,
Gabon,Domestic Private Health Expenditure (PVT-D),in current PPP per capita,151,148,145,161,163,168,153,
Gabon,External Health Expenditure (EXT),in current PPP per capita,3,3,2,5,2,54,16,
Gambia,Current Health Expenditure (CHE),in current PPP per capita,61,61,65,69,69,80,73,
Gambia,Domestic General Government Health Expenditure (GGHE-D),in current PPP per capita,19,25,20,22,28,52,37,
Gambia,Domestic Private Health Expenditure (PVT-D),in current PPP per capita,20,20,20,20,22,22,23,
Gambia,External Health Expenditure (EXT),in current PPP per capita,21,16,24,27,19,6,13,
Ghana,Current Health Expenditure (CHE),in current PPP per capita,228,163,184,200,239,223,248,
Ghana,Domestic General Government Health Expenditure (GGHE-D),in current PPP per capita,80,63,75,92,128,117,134,
Ghana,Domestic Private Health Expenditure (PVT-D),in current PPP per capita,91,80,88,88,91,85,92,
Ghana,External Health Expenditure (EXT),in current PPP per capita,57,21,22,19,21,20,22,
Guinea,Current Health Expenditure (CHE),in current PPP per capita,104,110,93,95,108,106,109,
Guinea,Domestic General Government Health Expenditure (GGHE-D),in current PPP per capita,8,14,14,16,24,21,20,
Guinea,Domestic Private Health Expenditure (PVT-D),in current PPP per capita,72,67,70,69,72,72,65,
Guinea,External Health Expenditure (EXT),in current PPP per capita,24,30,9,10,12,13,25,
Guinea-Bissau,Current Health Expenditure (CHE),in current PPP per capita,139,149,143,143,146,182,174,
Guinea-Bissau,Domestic General Government Health Expenditure (GGHE-D),in current PPP per capita,9,9,10,10,9,24,24,
Guinea-Bissau,Domestic Private Health Expenditure (PVT-D),in current PPP per capita,97,101,102,100,106,108,110,
Guinea-Bissau,External Health Expenditure (EXT),in current PPP per capita,33,40,30,33,30,50,40,
Kenya,Current Health Expenditure (CHE),in current PPP per capita,179,191,172,187,209,212,237,
Kenya,Domestic General Government Health Expenditure (GGHE-D),in current PPP per capita,72,82,74,81,96,105,115,
Kenya,Domestic Private Health Expenditure (PVT-D),in current PPP per capita,75,78,62,65,74,71,78,
Kenya,External Health Expenditure (EXT),in current PPP per capita,32,31,36,42,39,37,44,
Lesotho,Current Health Expenditure (CHE),in current PPP per capita,280,267,279,292,312,236,264,
Lesotho,Domestic General Government Health Expenditure (GGHE-D),in current PPP per capita,169,161,159,147,151,110,109,
Lesotho,Domestic Private Health Expenditure (PVT-D),in current PPP per capita,45,43,45,43,41,39,38,
Lesotho,External Health Expenditure (EXT),in current PPP per capita,66,62,75,103,120,87,117,
Liberia,Current Health Expenditure (CHE),in current PPP per capita,128,132,157,154,119,247,260,
Liberia,Domestic General Government Health Expenditure (GGHE-D),in current PPP per capita,15,19,21,25,19,14,17,
Liberia,Domestic Private Health Expenditure (PVT-D),in current PPP per capita,69,73,86,83,70,200,197,
Liberia,External Health Expenditure (EXT),in current PPP per capita,44,40,50,45,29,34,46,
Madagascar,Current Health Expenditure (CHE),in current PPP per capita,76,84,74,67,51,56,57,
Madagascar,Domestic General Government Health Expenditure (GGHE-D),in current PPP per capita,30,37,35,24,11,10,12,
Madagascar,Domestic Private Health Expenditure (PVT-D),in current PPP per capita,24,25,23,23,20,20,22,
Madagascar,External Health Expenditure (EXT),in current PPP per capita,21,22,17,20,20,26,23,
Malawi,Current Health Expenditure (CHE),in current PPP per capita,94,111,110,104,113,106,119,
Malawi,Domestic General Government Health Expenditure (GGHE-D),in current PPP per capita,27,28,25,25,26,24,22,
Malawi,Domestic Private Health Expenditure (PVT-D),in current PPP per capita,17,24,19,19,20,24,24,
Malawi,External Health Expenditure (EXT),in current PPP per capita,51,60,66,60,67,59,73,
Mali,Current Health Expenditure (CHE),in current PPP per capita,80,79,79,84,89,79,107,
Mali,Domestic General Government Health Expenditure (GGHE-D),in current PPP per capita,18,25,25,26,26,31,31,
Mali,Domestic Private Health Expenditure (PVT-D),in current PPP per capita,29,30,31,29,49,42,44,
Mali,External Health Expenditure (EXT),in current PPP per capita,33,24,23,29,14,5,32,
Mauritania,Current Health Expenditure (CHE),in current PPP per capita,158,150,174,175,189,190,240,
Mauritania,Domestic General Government Health Expenditure (GGHE-D),in current PPP per capita,61,58,65,62,71,84,93,
Mauritania,Domestic Private Health Expenditure (PVT-D),in current PPP per capita,83,88,95,96,96,93,90,
Mauritania,External Health Expenditure (EXT),in current PPP per capita,14,4,15,17,22,13,57,
Mauritius,Current Health Expenditure (CHE),in current PPP per capita,"1,070","1,154","1,215","1,299","1,452","1,349","1,429",
Mauritius,Domestic General Government Health Expenditure (GGHE-D),in current PPP per capita,446,509,535,571,684,693,703,
Mauritius,Domestic Private Health Expenditure (PVT-D),in current PPP per capita,596,642,673,721,764,653,706,
Mauritius,External Health Expenditure (EXT),in current PPP per capita,28,3,6,6,4,3,20,
Mozambique,Current Health Expenditure (CHE),in current PPP per capita,87,100,101,107,107,99,122,
Mozambique,Domestic General Government Health Expenditure (GGHE-D),in current PPP per capita,24,24,22,24,25,31,35,
Mozambique,Domestic Private Health Expenditure (PVT-D),in current PPP per capita,16,17,16,16,16,16,17,
Mozambique,External Health Expenditure (EXT),in current PPP per capita,48,59,63,67,65,52,70,
Namibia,Current Health Expenditure (CHE),in current PPP per capita,"1,076",987,902,874,879,850,942,
Namibia,Domestic General Government Health Expenditure (GGHE-D),in current PPP per capita,454,463,419,407,416,422,447,
Namibia,Domestic Private Health Expenditure (PVT-D),in current PPP per capita,561,455,421,427,422,384,418,
Namibia,External Health Expenditure (EXT),in current PPP per capita,61,69,61,41,41,43,77,
Niger,Current Health Expenditure (CHE),in current PPP per capita,61,52,64,65,72,79,76,
Niger,Domestic General Government Health Expenditure (GGHE-D),in current PPP per capita,13,13,22,22,26,30,28,
Niger,Domestic Private Health Expenditure (PVT-D),in current PPP per capita,33,32,33,36,35,37,37,
Niger,External Health Expenditure (EXT),in current PPP per capita,15,8,9,8,11,12,11,
Nigeria,Current Health Expenditure (CHE),in current PPP per capita,191,188,192,161,158,173,220,
Nigeria,Domestic General Government Health Expenditure (GGHE-D),in current PPP per capita,31,25,27,26,25,26,29,
Nigeria,Domestic Private Health Expenditure (PVT-D),in current PPP per capita,141,144,150,124,115,131,174,
Nigeria,External Health Expenditure (EXT),in current PPP per capita,19,19,15,12,19,17,17,
Rwanda,Current Health Expenditure (CHE),in current PPP per capita,117,128,124,141,145,163,180,
Rwanda,Domestic General Government Health Expenditure (GGHE-D),in current PPP per capita,37,41,43,49,57,66,74,
Rwanda,Domestic Private Health Expenditure (PVT-D),in current PPP per capita,31,32,32,36,39,39,42,
Rwanda,External Health Expenditure (EXT),in current PPP per capita,49,55,49,55,48,58,65,
Sao Tome and Principe,Current Health Expenditure (CHE),in current PPP per capita,203,248,252,223,220,310,347,
Sao Tome and Principe,Domestic General Government Health Expenditure (GGHE-D),in current PPP per capita,64,100,116,99,89,126,149,
Sao Tome and Principe,Domestic Private Health Expenditure (PVT-D),in current PPP per capita,35,39,40,41,42,42,47,
Sao Tome and Principe,External Health Expenditure (EXT),in current PPP per capita,104,109,95,83,89,142,152,
Senegal,Current Health Expenditure (CHE),in current PPP per capita,132,133,136,153,161,184,167,
Senegal,Domestic General Government Health Expenditure (GGHE-D),in current PPP per capita,33,33,33,39,38,61,43,
Senegal,Domestic Private Health Expenditure (PVT-D),in current PPP per capita,76,77,78,83,92,92,93,
Senegal,External Health Expenditure (EXT),in current PPP per capita,24,23,25,31,31,31,31,
Seychelles,Current Health Expenditure (CHE),in current PPP per capita,"1,018","1,254","1,262","1,366","1,366","1,730","1,549",
Seychelles,Domestic General Government Health Expenditure (GGHE-D),in current PPP per capita,735,867,922,"1,002","1,000","1,352","1,185",
Seychelles,Domestic Private Health Expenditure (PVT-D),in current PPP per capita,280,338,333,359,365,372,364,
Seychelles,External Health Expenditure (EXT),in current PPP per capita,4,49,7,5,0,6,0,
Sierra Leone,Current Health Expenditure (CHE),in current PPP per capita,308,259,150,137,158,156,152,
Sierra Leone,Domestic General Government Health Expenditure (GGHE-D),in current PPP per capita,20,17,14,13,21,23,34,
Sierra Leone,Domestic Private Health Expenditure (PVT-D),in current PPP per capita,126,130,84,85,85,83,78,
Sierra Leone,External Health Expenditure (EXT),in current PPP per capita,162,112,52,39,51,50,39,
South Africa,Current Health Expenditure (CHE),in current PPP per capita,"1,094","1,107","1,113","1,159","1,190","1,159","1,210",
South Africa,Domestic General Government Health Expenditure (GGHE-D),in current PPP per capita,624,626,637,662,694,716,731,
South Africa,Domestic Private Health Expenditure (PVT-D),in current PPP per capita,451,458,464,483,482,427,462,
South Africa,External Health Expenditure (EXT),in current PPP per capita,18,23,12,13,13,15,17,
South Sudan,Current Health Expenditure (CHE),in current PPP per capita,,,86,56,51,50,34,
South Sudan,Domestic General Government Health Expenditure (GGHE-D),in current PPP per capita,,,7,6,6,4,5,
South Sudan,Domestic Private Health Expenditure (PVT-D),in current PPP per capita,,,20,18,26,24,12,
South Sudan,External Health Expenditure (EXT),in current PPP per capita,,,59,33,19,22,17,
Togo,Current Health Expenditure (CHE),in current PPP per capita,92,126,128,126,124,132,130,
Togo,Domestic General Government Health Expenditure (GGHE-D),in current PPP per capita,17,19,21,21,19,19,13,
Togo,Domestic Private Health Expenditure (PVT-D),in current PPP per capita,60,88,88,93,94,92,96,
Togo,External Health Expenditure (EXT),in current PPP per capita,14,19,19,12,11,20,21,
Uganda,Current Health Expenditure (CHE),in current PPP per capita,116,110,89,95,94,103,119,
Uganda,Domestic General Government Health Expenditure (GGHE-D),in current PPP per capita,18,17,14,16,14,23,27,
Uganda,Domestic Private Health Expenditure (PVT-D),in current PPP per capita,48,48,37,38,40,39,42,
Uganda,External Health Expenditure (EXT),in current PPP per capita,50,46,39,41,40,41,50,
United Republic of Tanzania,Current Health Expenditure (CHE),in current PPP per capita,82,93,97,104,101,81,96,
United Republic of Tanzania,Domestic General Government Health Expenditure (GGHE-D),in current PPP per capita,28,38,38,39,41,23,26,
United Republic of Tanzania,Domestic Private Health Expenditure (PVT-D),in current PPP per capita,23,21,22,22,23,25,25,
United Republic of Tanzania,External Health Expenditure (EXT),in current PPP per capita,31,34,38,42,37,34,44,
Zambia,Current Health Expenditure (CHE),in current PPP per capita,149,148,162,167,237,212,236,
Zambia,Domestic General Government Health Expenditure (GGHE-D),in current PPP per capita,70,57,85,73,79,121,100,
Zambia,Domestic Private Health Expenditure (PVT-D),in current PPP per capita,24,28,26,20,20,21,19,
Zambia,External Health Expenditure (EXT),in current PPP per capita,54,63,51,74,138,70,117,
Zimbabwe,Current Health Expenditure (CHE),in current PPP per capita,195,196,144,111,72,60,63,
Zimbabwe,Domestic General Government Health Expenditure (GGHE-D),in current PPP per capita,41,42,36,38,10,13,21,
Zimbabwe,Domestic Private Health Expenditure (PVT-D),in current PPP per capita,107,98,54,40,17,13,14,
Zimbabwe,External Health Expenditure (EXT),in current PPP per capita,47,56,53,33,45,34,28,
Antigua and Barbuda,Current Health Expenditure (CHE),in current PPP per capita,"1,039","1,065","1,013","1,096","1,050","1,142","1,229",
Antigua and Barbuda,Domestic General Government Health Expenditure (GGHE-D),in current PPP per capita,621,595,569,659,614,711,825,
Antigua and Barbuda,Domestic Private Health Expenditure (PVT-D),in current PPP per capita,418,470,444,437,436,429,403,
Antigua and Barbuda,External Health Expenditure (EXT),in current PPP per capita,0,0,0,1,0,2,1,
Argentina,Current Health Expenditure (CHE),in current PPP per capita,"2,051","1,998","2,414","2,401","2,346","2,187","2,323",
Argentina,Domestic General Government Health Expenditure (GGHE-D),in current PPP per capita,"1,368","1,306","1,556","1,407","1,421","1,400","1,468",
Argentina,Domestic Private Health Expenditure (PVT-D),in current PPP per capita,677,686,847,987,920,782,825,
Argentina,External Health Expenditure (EXT),in current PPP per capita,6,6,11,7,5,6,29,
Bahamas,Current Health Expenditure (CHE),in current PPP per capita,"1,665","1,838","2,303","2,128","2,134","2,150","2,369",
Bahamas,Domestic General Government Health Expenditure (GGHE-D),in current PPP per capita,738,891,"1,270","1,055","1,105","1,304","1,321",
Bahamas,Domestic Private Health Expenditure (PVT-D),in current PPP per capita,917,936,"1,022","1,061","1,018",838,"1,037",
Bahamas,External Health Expenditure (EXT),in current PPP per capita,10,10,11,11,11,9,11,
Barbados,Current Health Expenditure (CHE),in current PPP per capita,"1,087","1,119","1,077","1,055","1,026","1,084","1,229",
Barbados,Domestic General Government Health Expenditure (GGHE-D),in current PPP per capita,509,515,485,480,460,535,665,
Barbados,Domestic Private Health Expenditure (PVT-D),in current PPP per capita,560,585,570,562,556,540,555,
Barbados,External Health Expenditure (EXT),in current PPP per capita,19,19,22,13,9,8,8,
Belize,Current Health Expenditure (CHE),in current PPP per capita,434,437,410,428,453,431,479,
Belize,Domestic General Government Health Expenditure (GGHE-D),in current PPP per capita,293,304,283,292,310,304,330,
Belize,Domestic Private Health Expenditure (PVT-D),in current PPP per capita,128,125,120,125,130,114,136,
Belize,External Health Expenditure (EXT),in current PPP per capita,13,7,7,11,13,13,14,
Bolivia (Plurinational State of),Current Health Expenditure (CHE),in current PPP per capita,458,502,535,572,612,650,722,
Bolivia (Plurinational State of),Domestic General Government Health Expenditure (GGHE-D),in current PPP per capita,301,325,367,416,435,470,520,
Bolivia (Plurinational State of),Domestic Private Health Expenditure (PVT-D),in current PPP per capita,143,160,156,147,170,162,191,
Bolivia (Plurinational State of),External Health Expenditure (EXT),in current PPP per capita,14,16,12,9,7,18,11,
Brazil,Current Health Expenditure (CHE),in current PPP per capita,"1,309","1,303","1,371","1,417","1,471","1,535","1,626",
Brazil,Domestic General Government Health Expenditure (GGHE-D),in current PPP per capita,566,561,572,582,599,683,740,
Brazil,Domestic Private Health Expenditure (PVT-D),in current PPP per capita,742,741,798,833,870,850,883,
Brazil,External Health Expenditure (EXT),in current PPP per capita,1,1,1,1,2,2,2,
Canada,Current Health Expenditure (CHE),in current PPP per capita,"4,793","5,126","5,268","5,456","5,497","6,175","6,552","6,443"
Canada,Domestic General Government Health Expenditure (GGHE-D),in current PPP per capita,"3,395","3,580","3,668","3,802","3,821","4,551","4,778","4,595"
Canada,Domestic Private Health Expenditure (PVT-D),in current PPP per capita,"1,398","1,546","1,601","1,654","1,676","1,624","1,774","1,849"
Canada,External Health Expenditure (EXT),in current PPP per capita,0,0,0,0,0,0,0,0
Chile,Current Health Expenditure (CHE),in current PPP per capita,"1,895","2,010","2,231","2,359","2,397","2,426","2,648","2,756"
Chile,Domestic General Government Health Expenditure (GGHE-D),in current PPP per capita,910,998,"1,125","1,199","1,220","1,366","1,473","1,508"
Chile,Domestic Private Health Expenditure (PVT-D),in current PPP per capita,985,"1,012","1,107","1,160","1,176","1,060","1,175","1,248"
Chile,External Health Expenditure (EXT),in current PPP per capita,0,0,0,0,0,0,0,0
Colombia,Current Health Expenditure (CHE),in current PPP per capita,997,"1,052","1,101","1,156","1,235","1,316","1,542",
Colombia,Domestic General Government Health Expenditure (GGHE-D),in current PPP per capita,706,740,782,828,863,938,"1,120",
Colombia,Domestic Private Health Expenditure (PVT-D),in current PPP per capita,291,312,319,328,372,378,423,
Costa Rica,Current Health Expenditure (CHE),in current PPP per capita,"1,322","1,383","1,421","1,541","1,633","1,698","1,714",
Costa Rica,Domestic General Government Health Expenditure (GGHE-D),in current PPP per capita,961,"1,014","1,044","1,115","1,184","1,219","1,200",
Costa Rica,Domestic Private Health Expenditure (PVT-D),in current PPP per capita,361,368,376,425,448,476,513,
Costa Rica,External Health Expenditure (EXT),in current PPP per capita,0,0,1,0,0,2,1,
Cuba,Current Health Expenditure (CHE),in current PPP per capita,"3,176","2,492","2,467","2,484","2,552","2,595","3,033",
Cuba,Domestic General Government Health Expenditure (GGHE-D),in current PPP per capita,"2,869","2,233","2,201","2,204","2,272","2,362","2,778",
Cuba,Domestic Private Health Expenditure (PVT-D),in current PPP per capita,306,256,264,278,277,231,255,
Cuba,External Health Expenditure (EXT),in current PPP per capita,2,3,2,2,3,1,0,
Dominica,Current Health Expenditure (CHE),in current PPP per capita,584,623,629,750,668,649,753,
Dominica,Domestic General Government Health Expenditure (GGHE-D),in current PPP per capita,368,405,434,498,430,410,483,
Dominica,Domestic Private Health Expenditure (PVT-D),in current PPP per capita,205,206,185,239,232,188,184,
Dominica,External Health Expenditure (EXT),in current PPP per capita,11,12,10,14,5,50,86,
Dominican Republic,Current Health Expenditure (CHE),in current PPP per capita,688,728,743,739,803,874,"1,006",
Dominican Republic,Domestic General Government Health Expenditure (GGHE-D),in current PPP per capita,345,424,443,452,491,574,673,
Dominican Republic,Domestic Private Health Expenditure (PVT-D),in current PPP per capita,280,298,292,277,303,293,318,
Dominican Republic,External Health Expenditure (EXT),in current PPP per capita,62,6,7,10,9,7,15,
Ecuador,Current Health Expenditure (CHE),in current PPP per capita,842,821,880,930,922,913,971,
Ecuador,Domestic General Government Health Expenditure (GGHE-D),in current PPP per capita,486,498,542,592,578,555,619,
Ecuador,Domestic Private Health Expenditure (PVT-D),in current PPP per capita,355,321,337,338,344,357,348,
Ecuador,External Health Expenditure (EXT),in current PPP per capita,1,1,1,1,0,1,4,
El Salvador,Current Health Expenditure (CHE),in current PPP per capita,675,712,726,751,828,792,970,
El Salvador,Domestic General Government Health Expenditure (GGHE-D),in current PPP per capita,371,396,395,410,443,513,639,
El Salvador,Domestic Private Health Expenditure (PVT-D),in current PPP per capita,294,305,330,340,385,277,328,
El Salvador,External Health Expenditure (EXT),in current PPP per capita,11,11,1,1,0,2,3,
Grenada,Current Health Expenditure (CHE),in current PPP per capita,606,613,692,723,791,772,843,
Grenada,Domestic General Government Health Expenditure (GGHE-D),in current PPP per capita,252,244,281,294,327,318,328,
Grenada,Domestic Private Health Expenditure (PVT-D),in current PPP per capita,352,367,410,427,463,449,487,
Grenada,External Health Expenditure (EXT),in current PPP per capita,2,2,1,2,1,5,28,
Guatemala,Current Health Expenditure (CHE),in current PPP per capita,479,485,495,514,542,556,665,
Guatemala,Domestic General Government Health Expenditure (GGHE-D),in current PPP per capita,182,183,178,185,208,213,225,
Guatemala,Domestic Private Health Expenditure (PVT-D),in current PPP per capita,289,294,313,320,329,337,425,
Guatemala,External Health Expenditure (EXT),in current PPP per capita,8,8,5,9,5,6,16,
Guyana,Current Health Expenditure (CHE),in current PPP per capita,458,461,527,621,655,"1,070","1,134",
Guyana,Domestic General Government Health Expenditure (GGHE-D),in current PPP per capita,268,291,340,374,388,773,766,
Guyana,Domestic Private Health Expenditure (PVT-D),in current PPP per capita,168,150,165,228,249,281,354,
Guyana,External Health Expenditure (EXT),in current PPP per capita,22,21,21,20,18,16,13,
Haiti,Current Health Expenditure (CHE),in current PPP per capita,149,150,122,141,126,101,110,
Haiti,Domestic General Government Health Expenditure (GGHE-D),in current PPP per capita,16,17,15,17,13,13,13,
Haiti,Domestic Private Health Expenditure (PVT-D),in current PPP per capita,57,59,66,66,60,57,58,
Haiti,External Health Expenditure (EXT),in current PPP per capita,76,74,41,58,53,31,38,
Honduras,Current Health Expenditure (CHE),in current PPP per capita,354,389,382,412,427,479,561,
Honduras,Domestic General Government Health Expenditure (GGHE-D),in current PPP per capita,139,156,155,162,168,182,210,
Honduras,Domestic Private Health Expenditure (PVT-D),in current PPP per capita,197,214,212,237,248,270,322,
Honduras,External Health Expenditure (EXT),in current PPP per capita,18,19,14,12,11,27,28,
Jamaica,Current Health Expenditure (CHE),in current PPP per capita,512,544,614,621,651,643,758,
Jamaica,Domestic General Government Health Expenditure (GGHE-D),in current PPP per capita,324,346,406,405,425,439,539,
Jamaica,Domestic Private Health Expenditure (PVT-D),in current PPP per capita,181,189,199,207,216,194,208,
Jamaica,External Health Expenditure (EXT),in current PPP per capita,7,9,9,9,10,10,10,
Mexico,Current Health Expenditure (CHE),in current PPP per capita,"1,062","1,089","1,093","1,101","1,102","1,152","1,190",
Mexico,Domestic General Government Health Expenditure (GGHE-D),in current PPP per capita,555,559,552,546,542,609,596,
Mexico,Domestic Private Health Expenditure (PVT-D),in current PPP per capita,508,531,541,555,560,543,593,
Mexico,External Health Expenditure (EXT),in current PPP per capita,,,,,,0,1,
Nicaragua,Current Health Expenditure (CHE),in current PPP per capita,417,452,493,491,478,473,600,
Nicaragua,Domestic General Government Health Expenditure (GGHE-D),in current PPP per capita,234,261,287,299,294,292,380,
Nicaragua,Domestic Private Health Expenditure (PVT-D),in current PPP per capita,157,167,175,171,166,160,194,
Nicaragua,External Health Expenditure (EXT),in current PPP per capita,26,24,30,20,17,20,26,
Panama,Current Health Expenditure (CHE),in current PPP per capita,"1,826","2,051","2,267","2,511","2,784","2,907","3,089",
Panama,Domestic General Government Health Expenditure (GGHE-D),in current PPP per capita,"1,109","1,253","1,396","1,456","1,580","1,577","1,716",
Panama,Domestic Private Health Expenditure (PVT-D),in current PPP per capita,714,797,869,"1,052","1,202","1,323","1,339",
Panama,External Health Expenditure (EXT),in current PPP per capita,2,2,1,2,2,7,33,
Paraguay,Current Health Expenditure (CHE),in current PPP per capita,832,869,899,956,"1,016","1,078","1,222",
Paraguay,Domestic General Government Health Expenditure (GGHE-D),in current PPP per capita,393,410,412,430,471,581,679,
Paraguay,Domestic Private Health Expenditure (PVT-D),in current PPP per capita,437,456,485,526,545,498,539,
Paraguay,External Health Expenditure (EXT),in current PPP per capita,3,3,3,1,0,0,3,
Peru,Current Health Expenditure (CHE),in current PPP per capita,576,603,621,683,699,756,856,
Peru,Domestic General Government Health Expenditure (GGHE-D),in current PPP per capita,351,372,386,420,440,521,555,
Peru,Domestic Private Health Expenditure (PVT-D),in current PPP per capita,224,230,233,262,258,234,299,
Peru,External Health Expenditure (EXT),in current PPP per capita,1,1,2,1,1,2,2,
Saint Kitts and Nevis,Current Health Expenditure (CHE),in current PPP per capita,"1,362","1,517","1,546","1,500","1,686","1,594","1,793",
Saint Kitts and Nevis,Domestic General Government Health Expenditure (GGHE-D),in current PPP per capita,515,609,643,690,831,858,"1,031",
Saint Kitts and Nevis,Domestic Private Health Expenditure (PVT-D),in current PPP per capita,847,908,903,811,856,736,762,
Saint Kitts and Nevis,External Health Expenditure (EXT),in current PPP per capita,0,0,0,0,0,0,0,
Saint Lucia,Current Health Expenditure (CHE),in current PPP per capita,624,649,667,670,675,835,890,
Saint Lucia,Domestic General Government Health Expenditure (GGHE-D),in current PPP per capita,275,286,311,318,335,368,377,
Saint Lucia,Domestic Private Health Expenditure (PVT-D),in current PPP per capita,343,337,348,349,333,345,381,
Saint Lucia,External Health Expenditure (EXT),in current PPP per capita,6,25,8,3,7,122,132,
Saint Vincent and the Grenadines,Current Health Expenditure (CHE),in current PPP per capita,511,554,574,613,630,686,778,
Saint Vincent and the Grenadines,Domestic General Government Health Expenditure (GGHE-D),in current PPP per capita,314,350,365,404,425,461,527,
Saint Vincent and the Grenadines,Domestic Private Health Expenditure (PVT-D),in current PPP per capita,189,202,202,207,195,204,225,
Saint Vincent and the Grenadines,External Health Expenditure (EXT),in current PPP per capita,8,3,7,2,10,21,26,
Suriname,Current Health Expenditure (CHE),in current PPP per capita,971,877,945,"1,263","1,660","1,096",922,
Suriname,Domestic General Government Health Expenditure (GGHE-D),in current PPP per capita,529,543,550,862,"1,172",701,540,
Suriname,Domestic Private Health Expenditure (PVT-D),in current PPP per capita,439,322,389,385,479,383,359,
Suriname,External Health Expenditure (EXT),in current PPP per capita,3,12,6,17,10,12,23,
Trinidad and Tobago,Current Health Expenditure (CHE),in current PPP per capita,"1,563","1,691","1,725","1,708","1,802","1,860","1,777",
Trinidad and Tobago,Domestic General Government Health Expenditure (GGHE-D),in current PPP per capita,805,847,902,827,828,847,841,
Trinidad and Tobago,Domestic Private Health Expenditure (PVT-D),in current PPP per capita,757,842,823,880,972,"1,012",935,
Trinidad and Tobago,External Health Expenditure (EXT),in current PPP per capita,2,1,0,0,1,1,1,
United States of America,Current Health Expenditure (CHE),in current PPP per capita,"9,249","9,600","9,903","10,281","10,658","11,758","12,012","12,474"
United States of America,Domestic General Government Health Expenditure (GGHE-D),in current PPP per capita,"4,752","4,915","5,067","5,289","5,522","6,703","6,655",
United States of America,Domestic Private Health Expenditure (PVT-D),in current PPP per capita,"4,497","4,685","4,836","4,992","5,137","5,055","5,357",
United States of America,External Health Expenditure (EXT),in current PPP per capita,0,0,0,0,0,0,0,
Uruguay,Current Health Expenditure (CHE),in current PPP per capita,"1,826","1,954","2,038","2,140","2,276","2,104","2,344",
Uruguay,Domestic General Government Health Expenditure (GGHE-D),in current PPP per capita,"1,249","1,358","1,413","1,479","1,516","1,507","1,736",
Uruguay,Domestic Private Health Expenditure (PVT-D),in current PPP per capita,577,595,626,661,760,597,608,
Uruguay,External Health Expenditure (EXT),in current PPP per capita,0,0,0,0,0,0,0,
Venezuela (Bolivarian Republic of),Current Health Expenditure (CHE),in current PPP per capita,,,,,79,97,103,
Venezuela (Bolivarian Republic of),Domestic General Government Health Expenditure (GGHE-D),in current PPP per capita,,,,,29,36,35,
Venezuela (Bolivarian Republic of),Domestic Private Health Expenditure (PVT-D),in current PPP per capita,,,,,50,61,68,
Venezuela (Bolivarian Republic of),External Health Expenditure (EXT),in current PPP per capita,,,,,0,0,0,
Afghanistan,Current Health Expenditure (CHE),in current PPP per capita,216,239,265,300,321,322,364,
Afghanistan,Domestic General Government Health Expenditure (GGHE-D),in current PPP per capita,11,12,13,12,11,25,12,
Afghanistan,Domestic Private Health Expenditure (PVT-D),in current PPP per capita,169,182,200,229,247,246,281,
Afghanistan,External Health Expenditure (EXT),in current PPP per capita,35,45,51,59,64,52,70,
Bahrain,Current Health Expenditure (CHE),in current PPP per capita,"2,284","2,201","2,208","2,068","2,054","2,374","2,342",
Bahrain,Domestic General Government Health Expenditure (GGHE-D),in current PPP per capita,"1,485","1,351","1,256","1,217","1,197","1,494","1,544",
Bahrain,Domestic Private Health Expenditure (PVT-D),in current PPP per capita,799,850,952,851,857,879,798,
Bahrain,External Health Expenditure (EXT),in current PPP per capita,0,0,0,0,0,0,0,
Djibouti,Current Health Expenditure (CHE),in current PPP per capita,139,117,110,110,108,108,150,
Djibouti,Domestic General Government Health Expenditure (GGHE-D),in current PPP per capita,71,57,51,54,52,54,50,
Djibouti,Domestic Private Health Expenditure (PVT-D),in current PPP per capita,28,29,30,34,36,30,32,
Djibouti,External Health Expenditure (EXT),in current PPP per capita,40,32,28,22,20,23,68,
Egypt,Current Health Expenditure (CHE),in current PPP per capita,581,568,588,551,564,524,615,
Egypt,Domestic General Government Health Expenditure (GGHE-D),in current PPP per capita,182,175,182,157,159,167,232,
Egypt,Domestic Private Health Expenditure (PVT-D),in current PPP per capita,398,387,404,391,399,351,380,
Egypt,External Health Expenditure (EXT),in current PPP per capita,1,6,2,4,6,6,4,
Iran (Islamic Republic of),Current Health Expenditure (CHE),in current PPP per capita,"1,042","1,172","1,188","1,166",921,822,951,
Iran (Islamic Republic of),Domestic General Government Health Expenditure (GGHE-D),in current PPP per capita,510,526,547,518,410,423,525,
Iran (Islamic Republic of),Domestic Private Health Expenditure (PVT-D),in current PPP per capita,531,645,641,648,511,399,423,
Iran (Islamic Republic of),External Health Expenditure (EXT),in current PPP per capita,0,0,0,0,0,0,2,
Iraq,Current Health Expenditure (CHE),in current PPP per capita,309,412,413,422,457,533,513,
Iraq,Domestic General Government Health Expenditure (GGHE-D),in current PPP per capita,72,228,172,207,226,240,253,
Iraq,Domestic Private Health Expenditure (PVT-D),in current PPP per capita,235,182,240,213,229,291,256,
Iraq,External Health Expenditure (EXT),in current PPP per capita,2,1,1,2,2,2,4,
Jordan,Current Health Expenditure (CHE),in current PPP per capita,689,632,685,685,696,683,739,
Jordan,Domestic General Government Health Expenditure (GGHE-D),in current PPP per capita,369,289,307,294,299,267,263,
Jordan,Domestic Private Health Expenditure (PVT-D),in current PPP per capita,315,313,346,369,374,383,414,
Jordan,External Health Expenditure (EXT),in current PPP per capita,6,30,32,22,24,34,62,
Kuwait,Current Health Expenditure (CHE),in current PPP per capita,"1,953","2,066","2,327","2,600","2,643","2,941","2,908",
Kuwait,Domestic General Government Health Expenditure (GGHE-D),in current PPP per capita,"1,658","1,763","1,994","2,294","2,330","2,627","2,609",
Kuwait,Domestic Private Health Expenditure (PVT-D),in current PPP per capita,296,303,333,306,313,314,299,
Kuwait,External Health Expenditure (EXT),in current PPP per capita,0,0,0,0,0,0,0,
Lebanon,Current Health Expenditure (CHE),in current PPP per capita,"1,141","1,314","1,390","1,485","1,545",901,528,
Lebanon,Domestic General Government Health Expenditure (GGHE-D),in current PPP per capita,519,618,655,694,762,400,152,
Lebanon,Domestic Private Health Expenditure (PVT-D),in current PPP per capita,584,663,700,776,731,409,321,
Lebanon,External Health Expenditure (EXT),in current PPP per capita,37,34,35,15,52,92,55,
Morocco,Current Health Expenditure (CHE),in current PPP per capita,397,397,401,415,434,472,516,
Morocco,Domestic General Government Health Expenditure (GGHE-D),in current PPP per capita,154,156,159,167,176,199,200,
Morocco,Domestic Private Health Expenditure (PVT-D),in current PPP per capita,239,240,241,247,255,263,297,
Morocco,External Health Expenditure (EXT),in current PPP per capita,4,1,1,1,3,10,19,
Oman,Current Health Expenditure (CHE),in current PPP per capita,"1,486","1,411","1,353","1,126","1,341","1,787","1,647",
Oman,Domestic General Government Health Expenditure (GGHE-D),in current PPP per capita,"1,341","1,268","1,207",973,"1,174","1,593","1,436",
Oman,Domestic Private Health Expenditure (PVT-D),in current PPP per capita,145,143,146,153,167,194,211,
Oman,External Health Expenditure (EXT),in current PPP per capita,,0,0,0,0,0,0,
Pakistan,Current Health Expenditure (CHE),in current PPP per capita,114,122,136,148,153,156,167,
Pakistan,Domestic General Government Health Expenditure (GGHE-D),in current PPP per capita,31,33,45,49,51,55,49,
Pakistan,Domestic Private Health Expenditure (PVT-D),in current PPP per capita,77,81,84,89,91,91,101,
Pakistan,External Health Expenditure (EXT),in current PPP per capita,5,8,7,10,11,10,17,
Qatar,Current Health Expenditure (CHE),in current PPP per capita,"3,592","3,017","2,961","2,774","3,041","3,586","2,952",
Qatar,Domestic General Government Health Expenditure (GGHE-D),in current PPP per capita,"3,156","2,589","2,500","2,348","2,585","3,108","2,510",
Qatar,Domestic Private Health Expenditure (PVT-D),in current PPP per capita,435,428,461,425,456,478,442,
Qatar,External Health Expenditure (EXT),in current PPP per capita,0,0,0,0,0,0,0,
Saudi Arabia,Current Health Expenditure (CHE),in current PPP per capita,"2,824","2,846","2,868","2,599","2,673","3,139","3,029",
Saudi Arabia,Domestic General Government Health Expenditure (GGHE-D),in current PPP per capita,"1,934","1,981","2,061","1,827","1,972","2,457","2,332",
Saudi Arabia,Domestic Private Health Expenditure (PVT-D),in current PPP per capita,890,866,807,772,701,681,697,
Saudi Arabia,External Health Expenditure (EXT),in current PPP per capita,,0,0,0,0,0,0,
Sudan,Current Health Expenditure (CHE),in current PPP per capita,260,318,279,206,204,157,127,
Sudan,Domestic General Government Health Expenditure (GGHE-D),in current PPP per capita,37,72,50,48,46,54,34,
Sudan,Domestic Private Health Expenditure (PVT-D),in current PPP per capita,218,240,214,145,145,92,80,
Sudan,External Health Expenditure (EXT),in current PPP per capita,5,6,15,13,13,11,13,
Tunisia,Current Health Expenditure (CHE),in current PPP per capita,651,664,673,672,698,746,784,
Tunisia,Domestic General Government Health Expenditure (GGHE-D),in current PPP per capita,350,362,361,350,413,456,464,
Tunisia,Domestic Private Health Expenditure (PVT-D),in current PPP per capita,300,298,308,318,285,287,304,
Tunisia,External Health Expenditure (EXT),in current PPP per capita,0,4,3,3,0,3,16,
United Arab Emirates,Current Health Expenditure (CHE),in current PPP per capita,"2,416","2,682","2,853","3,003","3,281","4,157","4,066",
United Arab Emirates,Domestic General Government Health Expenditure (GGHE-D),in current PPP per capita,"1,721","2,046","1,564","1,549","1,686","2,535","2,606",
United Arab Emirates,Domestic Private Health Expenditure (PVT-D),in current PPP per capita,695,636,"1,289","1,454","1,596","1,622","1,459",
United Arab Emirates,External Health Expenditure (EXT),in current PPP per capita,0,0,0,0,0,0,0,
Yemen,Current Health Expenditure (CHE),in current PPP per capita,102,,,,,,,
Yemen,Domestic General Government Health Expenditure (GGHE-D),in current PPP per capita,10,,,,,,,
Yemen,Domestic Private Health Expenditure (PVT-D),in current PPP per capita,84,,,,,,,
Yemen,External Health Expenditure (EXT),in current PPP per capita,8,,,,,,,
Albania,Current Health Expenditure (CHE),in current PPP per capita,753,811,838,897,982,"1,045","1,132",
Albania,Domestic General Government Health Expenditure (GGHE-D),in current PPP per capita,316,347,354,387,419,416,449,
Albania,Domestic Private Health Expenditure (PVT-D),in current PPP per capita,432,459,480,506,556,621,676,
Albania,External Health Expenditure (EXT),in current PPP per capita,6,5,5,4,7,7,6,
Andorra,Current Health Expenditure (CHE),in current PPP per capita,"3,705","3,577","3,715","4,045","4,099","4,632","4,908",
Andorra,Domestic General Government Health Expenditure (GGHE-D),in current PPP per capita,"2,666","2,574","2,672","2,862","2,923","3,363","3,632",
Andorra,Domestic Private Health Expenditure (PVT-D),in current PPP per capita,"1,040","1,004","1,042","1,183","1,176","1,268","1,276",
Armenia,Current Health Expenditure (CHE),in current PPP per capita,"1,025","1,091","1,296","1,355","1,698","1,725","1,924",
Armenia,Domestic General Government Health Expenditure (GGHE-D),in current PPP per capita,163,180,172,167,211,332,342,
Armenia,Domestic Private Health Expenditure (PVT-D),in current PPP per capita,851,891,"1,108","1,172","1,471","1,374","1,565",
Armenia,External Health Expenditure (EXT),in current PPP per capita,11,20,17,16,17,19,17,
Austria,Current Health Expenditure (CHE),in current PPP per capita,"5,205","5,477","5,641","5,905","6,276","6,531","7,272",
Austria,Domestic General Government Health Expenditure (GGHE-D),in current PPP per capita,"3,771","3,963","4,163","4,397","4,700","5,012","5,690",
Austria,Domestic Private Health Expenditure (PVT-D),in current PPP per capita,"1,434","1,514","1,478","1,507","1,576","1,519","1,582",
Austria,External Health Expenditure (EXT),in current PPP per capita,0,0,0,0,0,0,0,
Azerbaijan,Current Health Expenditure (CHE),in current PPP per capita,634,622,563,546,617,831,733,
Azerbaijan,Domestic General Government Health Expenditure (GGHE-D),in current PPP per capita,191,164,139,127,158,331,232,
Azerbaijan,Domestic Private Health Expenditure (PVT-D),in current PPP per capita,439,455,421,417,457,498,499,
Azerbaijan,External Health Expenditure (EXT),in current PPP per capita,5,3,3,3,2,2,3,
Belarus,Current Health Expenditure (CHE),in current PPP per capita,"1,070","1,025","1,030","1,045","1,147","1,265","1,389",
Belarus,Domestic General Government Health Expenditure (GGHE-D),in current PPP per capita,651,727,712,738,807,897,"1,031",
Belarus,Domestic Private Health Expenditure (PVT-D),in current PPP per capita,416,294,314,306,338,364,355,
Belarus,External Health Expenditure (EXT),in current PPP per capita,4,4,4,2,2,4,3,
Belgium,Current Health Expenditure (CHE),in current PPP per capita,"5,005","5,255","5,458","5,720","6,042","6,119","6,519",
Belgium,Domestic General Government Health Expenditure (GGHE-D),in current PPP per capita,"3,823","4,034","4,188","4,381","4,545","4,767","5,059",
Belgium,Domestic Private Health Expenditure (PVT-D),in current PPP per capita,"1,182","1,220","1,270","1,338","1,497","1,352","1,461",
Belgium,External Health Expenditure (EXT),in current PPP per capita,0,0,0,0,0,0,0,
Bosnia and Herzegovina,Current Health Expenditure (CHE),in current PPP per capita,"1,093","1,176","1,198","1,297","1,439","1,539","1,693",
Bosnia and Herzegovina,Domestic General Government Health Expenditure (GGHE-D),in current PPP per capita,756,834,840,906,989,"1,071","1,156",
Bosnia and Herzegovina,Domestic Private Health Expenditure (PVT-D),in current PPP per capita,318,340,353,385,428,447,525,
Bosnia and Herzegovina,External Health Expenditure (EXT),in current PPP per capita,18,2,5,6,22,21,11,
Bulgaria,Current Health Expenditure (CHE),in current PPP per capita,"1,355","1,491","1,603","1,681","1,778","2,139","2,391",
Bulgaria,Domestic General Government Health Expenditure (GGHE-D),in current PPP per capita,757,822,880,969,"1,052","1,280","1,502",
Bulgaria,Domestic Private Health Expenditure (PVT-D),in current PPP per capita,598,669,722,712,726,816,875,
Bulgaria,External Health Expenditure (EXT),in current PPP per capita,,,,,,43,14,
Croatia,Current Health Expenditure (CHE),in current PPP per capita,"1,553","1,692","1,798","1,943","2,143","2,288","2,703",
Croatia,Domestic General Government Health Expenditure (GGHE-D),in current PPP per capita,"1,291","1,402","1,490","1,602","1,747","1,871","2,273",
Croatia,Domestic Private Health Expenditure (PVT-D),in current PPP per capita,262,290,308,341,395,417,429,
Croatia,External Health Expenditure (EXT),in current PPP per capita,0,0,0,0,0,0,0,
Cyprus,Current Health Expenditure (CHE),in current PPP per capita,"2,170","2,396","2,558","2,795","3,133","3,498","4,206",
Cyprus,Domestic General Government Health Expenditure (GGHE-D),in current PPP per capita,913,"1,007","1,061","1,175","1,697","2,627","3,562",
Cyprus,Domestic Private Health Expenditure (PVT-D),in current PPP per capita,"1,233","1,384","1,487","1,610","1,415",863,604,
Cyprus,External Health Expenditure (EXT),in current PPP per capita,25,5,10,10,21,8,40,
Czechia,Current Health Expenditure (CHE),in current PPP per capita,"2,500","2,691","2,870","3,079","3,369","3,947","4,249",
Czechia,Domestic General Government Health Expenditure (GGHE-D),in current PPP per capita,"2,099","2,258","2,412","2,603","2,852","3,451","3,662",
Czechia,Domestic Private Health Expenditure (PVT-D),in current PPP per capita,401,433,458,476,516,496,587,
Czechia,External Health Expenditure (EXT),in current PPP per capita,0,0,0,0,0,0,,
Denmark,Current Health Expenditure (CHE),in current PPP per capita,"5,095","5,348","5,606","5,817","6,091","6,434","7,043","7,158"
Denmark,Domestic General Government Health Expenditure (GGHE-D),in current PPP per capita,"4,292","4,502","4,706","4,872","5,099","5,453","6,001","6,069"
Denmark,Domestic Private Health Expenditure (PVT-D),in current PPP per capita,802,846,899,945,992,981,"1,042","1,089"
Denmark,External Health Expenditure (EXT),in current PPP per capita,0,0,0,0,0,0,0,0
Estonia,Current Health Expenditure (CHE),in current PPP per capita,"1,938","2,098","2,234","2,442","2,663","2,991","3,259","3,313"
Estonia,Domestic General Government Health Expenditure (GGHE-D),in current PPP per capita,"1,443","1,561","1,642","1,797","1,981","2,303","2,482",
Estonia,Domestic Private Health Expenditure (PVT-D),in current PPP per capita,492,533,592,644,682,687,776,
Estonia,External Health Expenditure (EXT),in current PPP per capita,4,4,1,1,1,1,1,
Finland,Current Health Expenditure (CHE),in current PPP per capita,"4,099","4,214","4,342","4,485","4,752","5,038","5,613",
Finland,Domestic General Government Health Expenditure (GGHE-D),in current PPP per capita,"3,220","3,280","3,387","3,523","3,811","4,098","4,603",
Finland,Domestic Private Health Expenditure (PVT-D),in current PPP per capita,879,934,954,961,941,940,"1,010",
Finland,External Health Expenditure (EXT),in current PPP per capita,0,0,0,0,0,0,0,
France,Current Health Expenditure (CHE),in current PPP per capita,"4,683","4,930","5,070","5,226","5,618","5,861","6,330",
France,Domestic General Government Health Expenditure (GGHE-D),in current PPP per capita,"3,388","3,702","3,842","3,961","4,222","4,500","4,787",
France,Domestic Private Health Expenditure (PVT-D),in current PPP per capita,"1,295","1,228","1,228","1,265","1,395","1,361","1,543",
Georgia,Current Health Expenditure (CHE),in current PPP per capita,886,"1,016",948,"1,026","1,026","1,228","1,413","1,463"
Georgia,Domestic General Government Health Expenditure (GGHE-D),in current PPP per capita,315,372,353,405,419,539,754,617
Georgia,Domestic Private Health Expenditure (PVT-D),in current PPP per capita,549,621,573,615,602,679,650,840
Georgia,External Health Expenditure (EXT),in current PPP per capita,23,23,23,5,5,10,9,6
Germany,Current Health Expenditure (CHE),in current PPP per capita,"5,360","5,698","6,026","6,345","6,730","7,168","7,607","8,166"
Germany,Domestic General Government Health Expenditure (GGHE-D),in current PPP per capita,"4,126","4,405","4,676","4,903","5,193","5,627","6,013",
Germany,Domestic Private Health Expenditure (PVT-D),in current PPP per capita,"1,234","1,293","1,350","1,443","1,537","1,541","1,594",
Greece,Current Health Expenditure (CHE),in current PPP per capita,"2,192","2,323","2,324","2,403","2,553","2,696","2,861",
Greece,Domestic General Government Health Expenditure (GGHE-D),in current PPP per capita,"1,264","1,194","1,212","1,254","1,245","1,455","1,694",
Greece,Domestic Private Health Expenditure (PVT-D),in current PPP per capita,893,"1,123","1,108","1,146","1,305","1,237","1,163",
Greece,External Health Expenditure (EXT),in current PPP per capita,35,6,4,3,3,4,4,
Hungary,Current Health Expenditure (CHE),in current PPP per capita,"1,834","1,949","1,987","2,099","2,176","2,485","2,706",
Hungary,Domestic General Government Health Expenditure (GGHE-D),in current PPP per capita,"1,243","1,320","1,360","1,453","1,487","1,751","1,955",
Hungary,Domestic Private Health Expenditure (PVT-D),in current PPP per capita,591,629,627,646,689,734,752,
Hungary,External Health Expenditure (EXT),in current PPP per capita,0,0,0,0,0,0,0,
Iceland,Current Health Expenditure (CHE),in current PPP per capita,"3,967","4,327","4,593","4,789","5,111","5,218","5,697","5,824"
Iceland,Domestic General Government Health Expenditure (GGHE-D),in current PPP per capita,"3,206","3,527","3,760","3,945","4,232","4,348","4,766",
Iceland,Domestic Private Health Expenditure (PVT-D),in current PPP per capita,761,800,833,844,879,870,930,
Iceland,External Health Expenditure (EXT),in current PPP per capita,0,0,0,0,0,0,0,
Ireland,Current Health Expenditure (CHE),in current PPP per capita,"5,094","5,376","5,583","5,544","6,056","6,707","7,196","7,875"
Ireland,Domestic General Government Health Expenditure (GGHE-D),in current PPP per capita,"3,657","3,896","4,074","4,047","4,497","5,234","5,570",
Ireland,Domestic Private Health Expenditure (PVT-D),in current PPP per capita,"1,437","1,480","1,509","1,497","1,559","1,473","1,627",
Israel,Current Health Expenditure (CHE),in current PPP per capita,"2,636","2,840","2,968","3,055","3,089","3,262","3,665",
Israel,Domestic General Government Health Expenditure (GGHE-D),in current PPP per capita,"1,671","1,798","1,896","1,975","2,002","2,224","2,499",
Israel,Domestic Private Health Expenditure (PVT-D),in current PPP per capita,927,"1,004","1,031","1,037","1,043","1,016","1,129",
Israel,External Health Expenditure (EXT),in current PPP per capita,37,38,41,42,44,22,37,
Italy,Current Health Expenditure (CHE),in current PPP per capita,"3,265","3,482","3,605","3,733","3,959","4,138","4,372","4,675"
Italy,Domestic General Government Health Expenditure (GGHE-D),in current PPP per capita,"2,430","2,590","2,658","2,757","2,919","3,142","3,300",
Italy,Domestic Private Health Expenditure (PVT-D),in current PPP per capita,835,891,947,976,"1,039",996,"1,073",
Kazakhstan,Current Health Expenditure (CHE),in current PPP per capita,695,802,747,727,756,992,"1,114",
Kazakhstan,Domestic General Government Health Expenditure (GGHE-D),in current PPP per capita,439,478,463,442,453,653,728,
Kazakhstan,Domestic Private Health Expenditure (PVT-D),in current PPP per capita,255,323,283,283,303,339,385,
Kazakhstan,External Health Expenditure (EXT),in current PPP per capita,1,1,1,1,,0,1,
Kyrgyzstan,Current Health Expenditure (CHE),in current PPP per capita,303,303,316,268,251,269,302,
Kyrgyzstan,Domestic General Government Health Expenditure (GGHE-D),in current PPP per capita,115,118,120,129,129,120,161,
Kyrgyzstan,Domestic Private Health Expenditure (PVT-D),in current PPP per capita,166,174,178,125,116,123,123,
Kyrgyzstan,External Health Expenditure (EXT),in current PPP per capita,23,12,18,13,6,25,18,
Latvia,Current Health Expenditure (CHE),in current PPP per capita,"1,405","1,631","1,704","1,904","2,171","2,382","3,153",
Latvia,Domestic General Government Health Expenditure (GGHE-D),in current PPP per capita,825,911,974,"1,137","1,299","1,511","2,186",
Latvia,Domestic Private Health Expenditure (PVT-D),in current PPP per capita,581,720,727,764,866,867,963,
Latvia,External Health Expenditure (EXT),in current PPP per capita,,,3,3,6,4,4,
Lithuania,Current Health Expenditure (CHE),in current PPP per capita,"1,861","2,038","2,171","2,369","2,793","3,006","3,432","3,709"
Lithuania,Domestic General Government Health Expenditure (GGHE-D),in current PPP per capita,"1,230","1,340","1,415","1,564","1,818","2,065","2,305",
Lithuania,Domestic Private Health Expenditure (PVT-D),in current PPP per capita,626,693,753,798,965,924,"1,109",
Lithuania,External Health Expenditure (EXT),in current PPP per capita,5,5,3,7,10,17,17,
Luxembourg,Current Health Expenditure (CHE),in current PPP per capita,"5,545","5,806","5,962","6,212","6,604","6,938","7,515","7,540"
Luxembourg,Domestic General Government Health Expenditure (GGHE-D),in current PPP per capita,"4,686","4,903","5,054","5,275","5,671","6,061","6,531","6,552"
Luxembourg,Domestic Private Health Expenditure (PVT-D),in current PPP per capita,782,827,825,849,845,791,896,901
Luxembourg,External Health Expenditure (EXT),in current PPP per capita,77,77,82,88,88,86,88,87
Malta,Current Health Expenditure (CHE),in current PPP per capita,"3,373","3,599","3,861","3,976","4,599","4,835","5,317",
Malta,Domestic General Government Health Expenditure (GGHE-D),in current PPP per capita,"2,052","2,268","2,428","2,524","2,875","3,225","3,582",
Malta,Domestic Private Health Expenditure (PVT-D),in current PPP per capita,"1,321","1,331","1,433","1,451","1,724","1,610","1,735",
Malta,External Health Expenditure (EXT),in current PPP per capita,,,,1,0,0,0,
Monaco,Current Health Expenditure (CHE),in current PPP per capita,"8,141","8,065","8,021","7,885","8,194","8,011","8,789",
Monaco,Domestic General Government Health Expenditure (GGHE-D),in current PPP per capita,"6,585","6,988","6,971","6,847","7,061","7,051","7,889",
Monaco,Domestic Private Health Expenditure (PVT-D),in current PPP per capita,"1,557","1,077","1,050","1,038","1,133",960,900,
Montenegro,Current Health Expenditure (CHE),in current PPP per capita,"1,446","1,544","1,546","1,769","1,956","2,314","2,439",
Montenegro,Domestic General Government Health Expenditure (GGHE-D),in current PPP per capita,865,928,887,"1,053","1,190","1,445","1,492",
Montenegro,Domestic Private Health Expenditure (PVT-D),in current PPP per capita,581,616,659,715,766,869,947,
Netherlands (Kingdom of the),Current Health Expenditure (CHE),in current PPP per capita,"5,204","5,399","5,585","5,811","6,127","6,718","7,179",
Netherlands (Kingdom of the),Domestic General Government Health Expenditure (GGHE-D),in current PPP per capita,"3,437","3,535","3,592","3,820","4,044","4,628","5,006",
Netherlands (Kingdom of the),Domestic Private Health Expenditure (PVT-D),in current PPP per capita,"1,765","1,862","1,992","1,990","2,082","2,088","2,173",
Netherlands (Kingdom of the),External Health Expenditure (EXT),in current PPP per capita,1,1,1,1,2,2,1,
North Macedonia,Current Health Expenditure (CHE),in current PPP per capita,865,948,993,"1,065","1,250","1,315","1,535",
North Macedonia,Domestic General Government Health Expenditure (GGHE-D),in current PPP per capita,562,604,580,620,753,794,836,
North Macedonia,Domestic Private Health Expenditure (PVT-D),in current PPP per capita,300,338,413,445,497,521,699,
North Macedonia,External Health Expenditure (EXT),in current PPP per capita,3,7,1,0,,,,
Norway,Current Health Expenditure (CHE),in current PPP per capita,"6,142","6,271","6,631","7,019","7,325","7,343","8,146",
Norway,Domestic General Government Health Expenditure (GGHE-D),in current PPP per capita,"5,253","5,354","5,644","6,016","6,279","6,294","6,970",
Norway,Domestic Private Health Expenditure (PVT-D),in current PPP per capita,890,917,987,"1,003","1,046","1,049","1,176",
Norway,External Health Expenditure (EXT),in current PPP per capita,0,0,0,0,0,0,0,
Poland,Current Health Expenditure (CHE),in current PPP per capita,"1,717","1,851","1,972","2,022","2,259","2,291","2,456","2,925"
Poland,Domestic General Government Health Expenditure (GGHE-D),in current PPP per capita,"1,190","1,274","1,357","1,437","1,613","1,647","1,771",
Poland,Domestic Private Health Expenditure (PVT-D),in current PPP per capita,526,577,614,583,645,642,684,
Poland,External Health Expenditure (EXT),in current PPP per capita,1,0,1,1,1,1,1,
Portugal,Current Health Expenditure (CHE),in current PPP per capita,"2,759","2,965","3,072","3,285","3,552","3,687","4,091","4,464"
Portugal,Domestic General Government Health Expenditure (GGHE-D),in current PPP per capita,"1,701","1,826","1,878","2,009","2,159","2,368","2,582",
Portugal,Domestic Private Health Expenditure (PVT-D),in current PPP per capita,"1,056","1,137","1,191","1,274","1,391","1,316","1,505",
Portugal,External Health Expenditure (EXT),in current PPP per capita,2,3,3,2,3,3,4,
Republic of Moldova,Current Health Expenditure (CHE),in current PPP per capita,631,631,810,827,859,877,"1,207",
Republic of Moldova,Domestic General Government Health Expenditure (GGHE-D),in current PPP per capita,288,308,410,468,513,568,787,
Republic of Moldova,Domestic Private Health Expenditure (PVT-D),in current PPP per capita,298,300,362,337,317,281,377,
Republic of Moldova,External Health Expenditure (EXT),in current PPP per capita,46,23,38,22,29,27,42,
Romania,Current Health Expenditure (CHE),in current PPP per capita,"1,066","1,211","1,394","1,627","1,885","2,069","2,340",
Romania,Domestic General Government Health Expenditure (GGHE-D),in current PPP per capita,831,947,"1,096","1,296","1,511","1,656","1,770",
Romania,Domestic Private Health Expenditure (PVT-D),in current PPP per capita,235,264,299,330,374,409,509,
Romania,External Health Expenditure (EXT),in current PPP per capita,,,,,,3,60,
Russian Federation,Current Health Expenditure (CHE),in current PPP per capita,"1,291","1,290","1,403","1,556","1,705","2,271","2,530",
Russian Federation,Domestic General Government Health Expenditure (GGHE-D),in current PPP per capita,758,735,801,925,"1,042","1,633","1,800",
Russian Federation,Domestic Private Health Expenditure (PVT-D),in current PPP per capita,533,555,602,631,662,637,729,
Russian Federation,External Health Expenditure (EXT),in current PPP per capita,,,,,0,0,0,
San Marino,Current Health Expenditure (CHE),in current PPP per capita,"4,038","4,793","4,807","4,999","5,102","5,050","5,410",
San Marino,Domestic General Government Health Expenditure (GGHE-D),in current PPP per capita,"3,488","4,201","4,211","4,444","4,530","4,532","4,768",
San Marino,Domestic Private Health Expenditure (PVT-D),in current PPP per capita,549,593,595,556,573,518,641,
Serbia,Current Health Expenditure (CHE),in current PPP per capita,"1,312","1,338","1,362","1,508","1,677","1,695","2,155",
Serbia,Domestic General Government Health Expenditure (GGHE-D),in current PPP per capita,757,770,783,895,979,"1,033","1,348",
Serbia,Domestic Private Health Expenditure (PVT-D),in current PPP per capita,550,562,576,602,671,649,805,
Serbia,External Health Expenditure (EXT),in current PPP per capita,5,6,3,10,28,13,3,
Slovakia,Current Health Expenditure (CHE),in current PPP per capita,"2,033","2,111","2,038","2,093","2,316","2,347","2,670",
Slovakia,Domestic General Government Health Expenditure (GGHE-D),in current PPP per capita,"1,601","1,688","1,611","1,658","1,826","1,884","2,129",
Slovakia,Domestic Private Health Expenditure (PVT-D),in current PPP per capita,432,423,427,435,491,463,541,
Slovakia,External Health Expenditure (EXT),in current PPP per capita,,,,,,,0,
Slovenia,Current Health Expenditure (CHE),in current PPP per capita,"2,689","2,873","2,989","3,237","3,590","3,867","4,165","4,388"
Slovenia,Domestic General Government Health Expenditure (GGHE-D),in current PPP per capita,"1,919","2,077","2,146","2,344","2,598","2,807","3,049",
Slovenia,Domestic Private Health Expenditure (PVT-D),in current PPP per capita,770,796,843,893,992,"1,052","1,107",
Slovenia,External Health Expenditure (EXT),in current PPP per capita,,,,,,9,9,
Spain,Current Health Expenditure (CHE),in current PPP per capita,"3,185","3,341","3,543","3,674","3,959","4,085","4,368",
Spain,Domestic General Government Health Expenditure (GGHE-D),in current PPP per capita,"2,271","2,391","2,498","2,580","2,793","2,988","3,127",
Spain,Domestic Private Health Expenditure (PVT-D),in current PPP per capita,914,950,"1,045","1,094","1,166","1,097","1,240",
Sweden,Current Health Expenditure (CHE),in current PPP per capita,"5,333","5,513","5,638","5,888","6,139","6,378","6,784","7,017"
Sweden,Domestic General Government Health Expenditure (GGHE-D),in current PPP per capita,"4,478","4,645","4,776","4,992","5,226","5,496","5,829",
Sweden,Domestic Private Health Expenditure (PVT-D),in current PPP per capita,855,868,862,896,913,881,955,
Switzerland,Current Health Expenditure (CHE),in current PPP per capita,"7,073","7,443","7,561","7,642","8,069","8,338","8,998",
Switzerland,Domestic General Government Health Expenditure (GGHE-D),in current PPP per capita,"2,368","2,500","2,559","2,613","2,716","2,994","3,259",
Switzerland,Domestic Private Health Expenditure (PVT-D),in current PPP per capita,"4,706","4,943","5,002","5,029","5,353","5,344","5,740",
Switzerland,External Health Expenditure (EXT),in current PPP per capita,0,0,0,0,0,0,0,
Tajikistan,Current Health Expenditure (CHE),in current PPP per capita,205,215,222,245,259,315,351,
Tajikistan,Domestic General Government Health Expenditure (GGHE-D),in current PPP per capita,61,62,64,66,71,83,85,
Tajikistan,Domestic Private Health Expenditure (PVT-D),in current PPP per capita,129,143,141,168,185,206,223,
Tajikistan,External Health Expenditure (EXT),in current PPP per capita,15,11,17,11,3,26,43,
Türkiye,Current Health Expenditure (CHE),in current PPP per capita,"1,045","1,119","1,153","1,146","1,210","1,280","1,390",
Türkiye,Domestic General Government Health Expenditure (GGHE-D),in current PPP per capita,817,878,896,887,940,"1,009","1,096",
Türkiye,Domestic Private Health Expenditure (PVT-D),in current PPP per capita,229,241,257,259,270,271,295,
Turkmenistan,Current Health Expenditure (CHE),in current PPP per capita,832,886,995,997,937,908,959,
Turkmenistan,Domestic General Government Health Expenditure (GGHE-D),in current PPP per capita,199,165,212,175,166,161,154,
Turkmenistan,Domestic Private Health Expenditure (PVT-D),in current PPP per capita,631,720,782,817,770,746,804,
Turkmenistan,External Health Expenditure (EXT),in current PPP per capita,2,2,1,4,1,2,2,
Ukraine,Current Health Expenditure (CHE),in current PPP per capita,754,801,840,903,900,941,"1,082",
Ukraine,Domestic General Government Health Expenditure (GGHE-D),in current PPP per capita,357,387,397,421,403,464,552,
Ukraine,Domestic Private Health Expenditure (PVT-D),in current PPP per capita,383,405,429,475,491,477,530,
Ukraine,External Health Expenditure (EXT),in current PPP per capita,13,10,14,8,6,,,
United Kingdom of Great Britain and Northern Ireland,Current Health Expenditure (CHE),in current PPP per capita,"4,191","4,321","4,439","4,606","4,922","5,582","6,160","6,266"
United Kingdom of Great Britain and Northern Ireland,Domestic General Government Health Expenditure (GGHE-D),in current PPP per capita,"3,386","3,512","3,585","3,688","3,938","4,672","5,155",
United Kingdom of Great Britain and Northern Ireland,Domestic Private Health Expenditure (PVT-D),in current PPP per capita,804,808,853,917,983,909,"1,004",
United Kingdom of Great Britain and Northern Ireland,External Health Expenditure (EXT),in current PPP per capita,0,0,1,1,1,1,1,
Uzbekistan,Current Health Expenditure (CHE),in current PPP per capita,320,324,336,374,424,534,674,
Uzbekistan,Domestic General Government Health Expenditure (GGHE-D),in current PPP per capita,159,141,139,143,176,246,264,
Uzbekistan,Domestic Private Health Expenditure (PVT-D),in current PPP per capita,156,180,193,228,247,287,409,
Uzbekistan,External Health Expenditure (EXT),in current PPP per capita,4,3,4,3,0,0,0,
Bangladesh,Current Health Expenditure (CHE),in current PPP per capita,96,109,114,122,129,134,154,
Bangladesh,Domestic General Government Health Expenditure (GGHE-D),in current PPP per capita,16,22,24,25,25,24,26,
Bangladesh,Domestic Private Health Expenditure (PVT-D),in current PPP per capita,72,81,83,89,96,103,116,
Bangladesh,External Health Expenditure (EXT),in current PPP per capita,7,7,7,7,7,7,12,
Bhutan,Current Health Expenditure (CHE),in current PPP per capita,333,347,351,364,429,494,442,
Bhutan,Domestic General Government Health Expenditure (GGHE-D),in current PPP per capita,247,256,261,290,316,385,254,
Bhutan,Domestic Private Health Expenditure (PVT-D),in current PPP per capita,69,74,50,52,84,83,91,
Bhutan,External Health Expenditure (EXT),in current PPP per capita,17,17,39,22,30,25,97,
India,Current Health Expenditure (CHE),in current PPP per capita,195,202,179,188,204,216,236,
India,Domestic General Government Health Expenditure (GGHE-D),in current PPP per capita,50,54,59,65,71,78,81,
India,Domestic Private Health Expenditure (PVT-D),in current PPP per capita,143,147,119,123,131,136,150,
India,External Health Expenditure (EXT),in current PPP per capita,1,1,1,1,1,1,5,
Indonesia,Current Health Expenditure (CHE),in current PPP per capita,299,317,318,335,356,416,483,
Indonesia,Domestic General Government Health Expenditure (GGHE-D),in current PPP per capita,118,144,148,163,173,229,287,
Indonesia,Domestic Private Health Expenditure (PVT-D),in current PPP per capita,179,171,168,170,181,184,186,
Indonesia,External Health Expenditure (EXT),in current PPP per capita,1,2,2,1,2,2,10,
Maldives,Current Health Expenditure (CHE),in current PPP per capita,"1,528","1,878","1,759","1,507","1,642","1,605","2,066",
Maldives,Domestic General Government Health Expenditure (GGHE-D),in current PPP per capita,"1,097","1,353","1,253","1,164","1,286","1,284","1,479",
Maldives,Domestic Private Health Expenditure (PVT-D),in current PPP per capita,424,516,499,324,316,294,321,
Maldives,External Health Expenditure (EXT),in current PPP per capita,7,9,7,18,40,27,266,
Myanmar,Current Health Expenditure (CHE),in current PPP per capita,230,211,219,229,237,246,254,
Myanmar,Domestic General Government Health Expenditure (GGHE-D),in current PPP per capita,51,29,32,34,33,37,48,
Myanmar,Domestic Private Health Expenditure (PVT-D),in current PPP per capita,162,162,166,175,189,195,178,
Myanmar,External Health Expenditure (EXT),in current PPP per capita,17,20,21,20,15,14,28,
Nepal,Current Health Expenditure (CHE),in current PPP per capita,160,159,165,172,182,207,228,
Nepal,Domestic General Government Health Expenditure (GGHE-D),in current PPP per capita,27,29,37,41,45,62,76,
Nepal,Domestic Private Health Expenditure (PVT-D),in current PPP per capita,111,111,102,108,115,123,123,
Nepal,External Health Expenditure (EXT),in current PPP per capita,23,19,25,23,22,22,29,
Sri Lanka,Current Health Expenditure (CHE),in current PPP per capita,442,467,451,515,558,560,609,
Sri Lanka,Domestic General Government Health Expenditure (GGHE-D),in current PPP per capita,194,202,185,235,264,274,283,
Sri Lanka,Domestic Private Health Expenditure (PVT-D),in current PPP per capita,242,262,253,272,287,277,300,
Sri Lanka,External Health Expenditure (EXT),in current PPP per capita,6,4,13,8,7,10,26,
Thailand,Current Health Expenditure (CHE),in current PPP per capita,596,639,655,700,711,776,967,
Thailand,Domestic General Government Health Expenditure (GGHE-D),in current PPP per capita,425,463,472,496,510,546,681,
Thailand,Domestic Private Health Expenditure (PVT-D),in current PPP per capita,169,176,183,203,201,229,286,
Thailand,External Health Expenditure (EXT),in current PPP per capita,2,1,1,1,1,1,1,
Timor-Leste,Current Health Expenditure (CHE),in current PPP per capita,222,215,212,200,195,373,272,
Timor-Leste,Domestic General Government Health Expenditure (GGHE-D),in current PPP per capita,127,107,140,124,112,206,173,
Timor-Leste,Domestic Private Health Expenditure (PVT-D),in current PPP per capita,25,24,25,20,20,25,16,
Timor-Leste,External Health Expenditure (EXT),in current PPP per capita,69,84,47,56,62,142,83,
Australia,Current Health Expenditure (CHE),in current PPP per capita,"4,808","5,059","5,134","5,332","5,391","5,955","6,488",
Australia,Domestic General Government Health Expenditure (GGHE-D),in current PPP per capita,"3,415","3,597","3,658","3,811","3,975","4,388","4,934",
Australia,Domestic Private Health Expenditure (PVT-D),in current PPP per capita,"1,393","1,462","1,476","1,521","1,416","1,567","1,555",
Australia,External Health Expenditure (EXT),in current PPP per capita,0,0,0,0,0,0,0,
Brunei Darussalam,Current Health Expenditure (CHE),in current PPP per capita,"1,470","1,414","1,366","1,474","1,405","1,555","1,456",
Brunei Darussalam,Domestic General Government Health Expenditure (GGHE-D),in current PPP per capita,"1,397","1,343","1,292","1,402","1,326","1,463","1,358",
Brunei Darussalam,Domestic Private Health Expenditure (PVT-D),in current PPP per capita,73,70,74,72,79,92,98,
Brunei Darussalam,External Health Expenditure (EXT),in current PPP per capita,0,0,0,0,0,0,0,
Cambodia,Current Health Expenditure (CHE),in current PPP per capita,211,227,225,262,319,321,360,
Cambodia,Domestic General Government Health Expenditure (GGHE-D),in current PPP per capita,46,49,60,70,77,86,96,
Cambodia,Domestic Private Health Expenditure (PVT-D),in current PPP per capita,122,134,144,175,220,214,213,
Cambodia,External Health Expenditure (EXT),in current PPP per capita,43,43,21,17,21,21,52,
China,Current Health Expenditure (CHE),in current PPP per capita,634,664,712,790,886,963,"1,033",
China,Domestic General Government Health Expenditure (GGHE-D),in current PPP per capita,381,386,403,446,496,527,558,
China,Domestic Private Health Expenditure (PVT-D),in current PPP per capita,252,278,308,344,390,436,474,
China,External Health Expenditure (EXT),in current PPP per capita,0,0,0,0,0,0,0,
Cook Islands,Current Health Expenditure (CHE),in current PPP per capita,521,612,635,703,741,744,729,
Cook Islands,Domestic General Government Health Expenditure (GGHE-D),in current PPP per capita,450,521,553,618,684,681,697,
Cook Islands,Domestic Private Health Expenditure (PVT-D),in current PPP per capita,19,19,22,25,23,19,17,
Cook Islands,External Health Expenditure (EXT),in current PPP per capita,52,72,60,60,33,44,15,
Fiji,Current Health Expenditure (CHE),in current PPP per capita,391,394,409,560,587,552,612,
Fiji,Domestic General Government Health Expenditure (GGHE-D),in current PPP per capita,247,251,271,336,362,359,382,
Fiji,Domestic Private Health Expenditure (PVT-D),in current PPP per capita,134,130,128,183,176,162,171,
Fiji,External Health Expenditure (EXT),in current PPP per capita,10,12,10,40,49,31,60,
Japan,Current Health Expenditure (CHE),in current PPP per capita,"4,393","4,330","4,427","4,546","4,668","4,625","4,676",
Japan,Domestic General Government Health Expenditure (GGHE-D),in current PPP per capita,"3,694","3,639","3,728","3,808","3,920","3,924","3,961",
Japan,Domestic Private Health Expenditure (PVT-D),in current PPP per capita,699,691,699,738,749,700,714,
Japan,External Health Expenditure (EXT),in current PPP per capita,0,0,0,0,0,0,0,
Kiribati,Current Health Expenditure (CHE),in current PPP per capita,161,205,225,270,257,342,346,
Kiribati,Domestic General Government Health Expenditure (GGHE-D),in current PPP per capita,136,175,193,218,233,238,260,
Kiribati,Domestic Private Health Expenditure (PVT-D),in current PPP per capita,8,8,7,8,8,10,10,
Kiribati,External Health Expenditure (EXT),in current PPP per capita,17,23,25,44,15,94,76,
Lao People's Democratic Republic,Current Health Expenditure (CHE),in current PPP per capita,150,161,182,174,213,165,234,
Lao People's Democratic Republic,Domestic General Government Health Expenditure (GGHE-D),in current PPP per capita,53,52,64,67,79,63,61,
Lao People's Democratic Republic,Domestic Private Health Expenditure (PVT-D),in current PPP per capita,72,79,88,85,89,72,84,
Lao People's Democratic Republic,External Health Expenditure (EXT),in current PPP per capita,25,29,30,22,45,29,89,
Malaysia,Current Health Expenditure (CHE),in current PPP per capita,924,920,963,"1,033","1,108","1,113","1,268",
Malaysia,Domestic General Government Health Expenditure (GGHE-D),in current PPP per capita,491,470,499,529,580,593,713,
Malaysia,Domestic Private Health Expenditure (PVT-D),in current PPP per capita,432,451,465,504,528,519,555,
Malaysia,External Health Expenditure (EXT),in current PPP per capita,0,0,0,0,0,0,0,
Marshall Islands,Current Health Expenditure (CHE),in current PPP per capita,538,576,569,655,711,620,677,
Marshall Islands,Domestic General Government Health Expenditure (GGHE-D),in current PPP per capita,227,254,246,315,327,291,287,
Marshall Islands,Domestic Private Health Expenditure (PVT-D),in current PPP per capita,31,31,33,35,41,41,44,
Marshall Islands,External Health Expenditure (EXT),in current PPP per capita,280,291,291,304,344,287,346,
Micronesia (Federated States of),Current Health Expenditure (CHE),in current PPP per capita,365,391,379,370,366,348,353,
Micronesia (Federated States of),Domestic General Government Health Expenditure (GGHE-D),in current PPP per capita,94,104,98,97,104,86,61,
Micronesia (Federated States of),Domestic Private Health Expenditure (PVT-D),in current PPP per capita,10,9,9,9,10,9,9,
Micronesia (Federated States of),External Health Expenditure (EXT),in current PPP per capita,261,278,271,263,253,253,283,
Mongolia,Current Health Expenditure (CHE),in current PPP per capita,456,496,496,560,584,574,886,
Mongolia,Domestic General Government Health Expenditure (GGHE-D),in current PPP per capita,259,278,258,259,275,316,581,
Mongolia,Domestic Private Health Expenditure (PVT-D),in current PPP per capita,176,178,194,253,260,258,302,
Mongolia,External Health Expenditure (EXT),in current PPP per capita,20,40,43,48,48,,3,
Nauru,Current Health Expenditure (CHE),in current PPP per capita,"1,677","1,343","1,349","1,466","1,524","1,740","1,873",
Nauru,Domestic General Government Health Expenditure (GGHE-D),in current PPP per capita,"1,010","1,206",990,"1,291","1,364","1,355","1,626",
Nauru,Domestic Private Health Expenditure (PVT-D),in current PPP per capita,74,61,48,44,48,48,51,
Nauru,External Health Expenditure (EXT),in current PPP per capita,593,76,312,131,111,336,196,
New Zealand,Current Health Expenditure (CHE),in current PPP per capita,"3,494","3,728","3,839","3,891","4,378","4,607","4,754",
New Zealand,Domestic General Government Health Expenditure (GGHE-D),in current PPP per capita,"2,610","2,779","2,897","2,912","3,288","3,587","3,662",
New Zealand,Domestic Private Health Expenditure (PVT-D),in current PPP per capita,884,949,942,979,"1,089","1,019","1,092",
Niue,Current Health Expenditure (CHE),in current PPP per capita,"1,028",927,"1,075","1,196","1,097","1,290","1,938",
Niue,Domestic General Government Health Expenditure (GGHE-D),in current PPP per capita,672,647,686,797,795,900,993,
Niue,Domestic Private Health Expenditure (PVT-D),in current PPP per capita,9,8,9,10,11,12,11,
Niue,External Health Expenditure (EXT),in current PPP per capita,347,271,380,389,291,378,933,
Palau,Current Health Expenditure (CHE),in current PPP per capita,"2,031","2,129","2,238","2,341","2,478","2,471","2,563",
Palau,Domestic General Government Health Expenditure (GGHE-D),in current PPP per capita,987,"1,071","1,090","1,182","1,279","1,127","1,157",
Palau,Domestic Private Health Expenditure (PVT-D),in current PPP per capita,694,724,779,787,818,864,893,
Palau,External Health Expenditure (EXT),in current PPP per capita,349,334,369,372,381,481,513,
Papua New Guinea,Current Health Expenditure (CHE),in current PPP per capita,67,90,88,91,96,91,93,
Papua New Guinea,Domestic General Government Health Expenditure (GGHE-D),in current PPP per capita,51,65,67,64,56,62,46,
Papua New Guinea,Domestic Private Health Expenditure (PVT-D),in current PPP per capita,8,9,8,9,9,9,10,
Papua New Guinea,External Health Expenditure (EXT),in current PPP per capita,8,16,14,18,31,19,37,
Philippines,Current Health Expenditure (CHE),in current PPP per capita,278,301,317,339,379,423,522,516
Philippines,Domestic General Government Health Expenditure (GGHE-D),in current PPP per capita,105,112,119,132,154,191,205,216
Philippines,Domestic Private Health Expenditure (PVT-D),in current PPP per capita,169,182,191,206,224,229,288,293
Philippines,External Health Expenditure (EXT),in current PPP per capita,4,7,7,1,2,3,29,7
Republic of Korea,Current Health Expenditure (CHE),in current PPP per capita,"2,498","2,714","2,878","3,219","3,546","3,731","4,367","4,947"
Republic of Korea,Domestic General Government Health Expenditure (GGHE-D),in current PPP per capita,"1,407","1,529","1,638","1,847","2,053","2,233","2,664","3,040"
Republic of Korea,Domestic Private Health Expenditure (PVT-D),in current PPP per capita,"1,092","1,185","1,240","1,372","1,493","1,499","1,703","1,907"
Republic of Korea,External Health Expenditure (EXT),in current PPP per capita,0,0,0,0,0,0,0,0
Samoa,Current Health Expenditure (CHE),in current PPP per capita,351,344,322,300,373,395,414,
Samoa,Domestic General Government Health Expenditure (GGHE-D),in current PPP per capita,255,232,245,232,285,301,311,
Samoa,Domestic Private Health Expenditure (PVT-D),in current PPP per capita,38,41,41,42,44,45,49,
Samoa,External Health Expenditure (EXT),in current PPP per capita,58,70,36,26,43,49,53,
Singapore,Current Health Expenditure (CHE),in current PPP per capita,"3,562","3,855","4,051","3,978","4,397","5,528","6,353",
Singapore,Domestic General Government Health Expenditure (GGHE-D),in current PPP per capita,"1,677","1,825","1,955","1,989","2,274","3,312","4,002",
Singapore,Domestic Private Health Expenditure (PVT-D),in current PPP per capita,"1,885","2,030","2,096","1,989","2,123","2,216","2,351",
Singapore,External Health Expenditure (EXT),in current PPP per capita,0,0,0,0,0,0,0,
Solomon Islands,Current Health Expenditure (CHE),in current PPP per capita,109,113,109,102,118,125,122,
Solomon Islands,Domestic General Government Health Expenditure (GGHE-D),in current PPP per capita,76,81,81,80,89,94,85,
Solomon Islands,Domestic Private Health Expenditure (PVT-D),in current PPP per capita,3,3,3,4,4,4,4,
Solomon Islands,External Health Expenditure (EXT),in current PPP per capita,31,29,24,18,25,26,32,
Tonga,Current Health Expenditure (CHE),in current PPP per capita,245,286,304,310,314,358,423,
Tonga,Domestic General Government Health Expenditure (GGHE-D),in current PPP per capita,152,177,182,206,191,205,244,
Tonga,Domestic Private Health Expenditure (PVT-D),in current PPP per capita,27,27,28,30,30,30,33,
Tonga,External Health Expenditure (EXT),in current PPP per capita,66,82,94,73,93,123,146,
Tuvalu,Current Health Expenditure (CHE),in current PPP per capita,512,754,"1,022",815,"1,125",903,"1,029",
Tuvalu,Domestic General Government Health Expenditure (GGHE-D),in current PPP per capita,384,620,807,678,862,726,523,
Tuvalu,Domestic Private Health Expenditure (PVT-D),in current PPP per capita,7,20,21,18,26,27,28,
Tuvalu,External Health Expenditure (EXT),in current PPP per capita,122,114,194,119,238,150,479,
Vanuatu,Current Health Expenditure (CHE),in current PPP per capita,120,84,84,103,106,121,136,
Vanuatu,Domestic General Government Health Expenditure (GGHE-D),in current PPP per capita,58,38,45,67,61,78,37,
Vanuatu,Domestic Private Health Expenditure (PVT-D),in current PPP per capita,13,13,12,12,12,14,14,
Vanuatu,External Health Expenditure (EXT),in current PPP per capita,49,33,27,25,33,29,85,
Viet Nam,Current Health Expenditure (CHE),in current PPP per capita,358,403,452,496,531,474,536,
Viet Nam,Domestic General Government Health Expenditure (GGHE-D),in current PPP per capita,156,177,197,206,216,197,229,
Viet Nam,Domestic Private Health Expenditure (PVT-D),in current PPP per capita,194,218,250,284,310,272,287,
Viet Nam,External Health Expenditure (EXT),in current PPP per capita,7,9,5,5,5,5,20,
